[
  {
    "id": 1,
    "title": "React Front To Back",
    "description": "Learn Modern React, Including Hooks, Context API, Full Stack MERN & Redux By Building Real Life Projects.",
    "link": "https://www.traversymedia.com/Modern-React-Front-To-Back-Course",
    "level": "Beginner"
  },
  {
    "id": 2,
    "title": "Node.js API Masterclass",
    "description": "Build an extensive RESTful API using Node.js, Express, and MongoDB",
    "link": "https://www.traversymedia.com/node-js-api-masterclass",
    "level": "Intermediate"
  },
  {
    "id": 3,
    "title": "Modern JavaScript From The Beginning",
    "description": "37 hour course that teaches you all of the fundamentals of modern JavaScript.",
    "link": "https://www.traversymedia.com/modern-javascript-2-0",
    "level": "All Levels"
  },
  {
    "id": 4,
    "title": "Next.js Dev To Deployment",
    "description": "Learn Next.js by building a music event website and a web dev blog as a static website",
    "link": "https://www.traversymedia.com/next-js-dev-to-deployment",
    "level": "Intermediate"
  },
  {
    "id": 5,
    "title": "50 Projects in 50 Days",
    "description": "Sharpen your skills by building 50 quick, unique & fun mini projects.",
    "link": "https://www.traversymedia.com/50-Projects-In-50-Days",
    "level": "Beginner"
  }
]
