{
  "kind": "collectionType",
  "collectionName": "events",
  "info": {
    "name": "events"
  },
  "options": {
    "increments": true,
    "timestamps": true,
    "draftAndPublish": true
  },
  "pluginOptions": {},
  "attributes": {
    "name": {
      "type": "string"
    },
    "slug": {
      "type": "uid",
      "targetField": "name"
    },
    "venue": {
      "type": "string"
    },
    "address": {
      "type": "string"
    },
    "date": {
      "type": "datetime"
    },
    "time": {
      "type": "string"
    },
    "performers": {
      "type": "string"
    },
    "description": {
      "type": "richtext"
    },
    "image": {
      "model": "file",
      "via": "related",
      "allowedTypes": [
        "images",
        "files",
        "videos"
      ],
      "plugin": "upload",
      "required": false,
      "pluginOptions": {}
    },
    "user": {
      "plugin": "users-permissions",
      "model": "user",
      "via": "events"
    }
  }
}
